{
  "BACKEND_PORT": 4000,
  "USE_SQLITE": true,
  "SQLITE_DB": "./backend/dev.sqlite",
  "JWT_SECRET": "supersecretkey",
  "SEED_ADMIN_EMAIL": "admin@herbalsoapworks.local",
  "SEED_ADMIN_PASSWORD": "adminpass",
  "SUPABASE": {
    "URL": "https://bnolrhtxisbvsaztjiuy.supabase.co",
    "ANON_KEY": "<your-supabase-anon-key>",
    "DB_HOST": "db.bnolrhtxisbvsaztjiuy.supabase.co",
    "DB_PORT": 5432,
    "DB_USERNAME": "postgres",
    "DB_PASSWORD": "Rahulav@24",
    "DB_DATABASE": "postgres"
  }
  ,
  "SB_SECRET": "sb_secret_-Z5hVWChkvZikD3ZxLxABA_S5MQtAbv"
}
